feature,importance
experience_level_match,16.566193758802665
skill_overlap_pct,15.27383315244736
exp_delta,13.649134478977349
skill_depth,11.711091024747503
skill_required_matched,9.086129137184088
portfolio_relevance,7.7857684490170245
rate_ratio,4.893608506271152
skill_required_total,4.1673130136087435
cosine_sim,4.101639011106967
preferred_skill_pct,3.81372537875242
rate_in_budget,3.5661784843047095
total_jobs,2.8689232891270495
work_exp_count,2.516462315652968
