feature,importance
experience_level_match,1.422039629915581
skill_overlap_pct,1.2245176997965843
skill_depth,0.6003326032392611
portfolio_relevance,0.392674671451925
exp_delta,-0.23782524992846338
rate_ratio,-0.20552299538577062
rate_in_budget,0.16505521197034265
preferred_skill_pct,0.1616505269749197
cosine_sim,0.13996216382801407
work_exp_count,0.076996066288813
skill_required_matched,0.03903135427858393
skill_required_total,0.009292469336229304
total_jobs,-0.006335967060950878
